msa_id,msa_fips,name,type
10100,10100,"Aberdeen, SD",Micropolitan Statistical Area
10140,10140,"Aberdeen, WA",Micropolitan Statistical Area
10180,10180,"Abilene, TX",Metropolitan Statistical Area
10220,10220,"Ada, OK",Micropolitan Statistical Area
10300,10300,"Adrian, MI",Micropolitan Statistical Area
10380,10380,"Aguadilla-Isabela, PR",Metropolitan Statistical Area
10420,10420,"Akron, OH",Metropolitan Statistical Area
10460,10460,"Alamogordo, NM",Micropolitan Statistical Area
10500,10500,"Albany, GA",Metropolitan Statistical Area
10540,10540,"Albany-Lebanon, OR",Metropolitan Statistical Area
10580,10580,"Albany-Schenectady-Troy, NY",Metropolitan Statistical Area
10620,10620,"Albemarle, NC",Micropolitan Statistical Area
10660,10660,"Albert Lea, MN",Micropolitan Statistical Area
10700,10700,"Albertville, AL",Micropolitan Statistical Area
10740,10740,"Albuquerque, NM",Metropolitan Statistical Area
10760,10760,"Alexander City, AL",Micropolitan Statistical Area
10780,10780,"Alexandria, LA",Metropolitan Statistical Area
10820,10820,"Alexandria, MN",Micropolitan Statistical Area
10860,10860,"Alice, TX",Micropolitan Statistical Area
10900,10900,"Allentown-Bethlehem-Easton, PA-NJ",Metropolitan Statistical Area
10940,10940,"Alma, MI",Micropolitan Statistical Area
10980,10980,"Alpena, MI",Micropolitan Statistical Area
11020,11020,"Altoona, PA",Metropolitan Statistical Area
11060,11060,"Altus, OK",Micropolitan Statistical Area
11100,11100,"Amarillo, TX",Metropolitan Statistical Area
11140,11140,"Americus, GA",Micropolitan Statistical Area
11180,11180,"Ames, IA",Metropolitan Statistical Area
11220,11220,"Amsterdam, NY",Micropolitan Statistical Area
11260,11260,"Anchorage, AK",Metropolitan Statistical Area
11380,11380,"Andrews, TX",Micropolitan Statistical Area
11420,11420,"Angola, IN",Micropolitan Statistical Area
11460,11460,"Ann Arbor, MI",Metropolitan Statistical Area
11500,11500,"Anniston-Oxford, AL",Metropolitan Statistical Area
11540,11540,"Appleton, WI",Metropolitan Statistical Area
11580,11580,"Arcadia, FL",Micropolitan Statistical Area
11620,11620,"Ardmore, OK",Micropolitan Statistical Area
11640,11640,"Arecibo, PR",Metropolitan Statistical Area
11660,11660,"Arkadelphia, AR",Micropolitan Statistical Area
11700,11700,"Asheville, NC",Metropolitan Statistical Area
11740,11740,"Ashland, OH",Micropolitan Statistical Area
11780,11780,"Ashtabula, OH",Micropolitan Statistical Area
11820,11820,"Astoria, OR",Micropolitan Statistical Area
11860,11860,"Atchison, KS",Micropolitan Statistical Area
11900,11900,"Athens, OH",Micropolitan Statistical Area
11940,11940,"Athens, TN",Micropolitan Statistical Area
11980,11980,"Athens, TX",Micropolitan Statistical Area
12020,12020,"Athens-Clarke County, GA",Metropolitan Statistical Area
12060,12060,"Atlanta-Sandy Springs-Alpharetta, GA",Metropolitan Statistical Area
12100,12100,"Atlantic City-Hammonton, NJ",Metropolitan Statistical Area
12120,12120,"Atmore, AL",Micropolitan Statistical Area
12140,12140,"Auburn, IN",Micropolitan Statistical Area
12180,12180,"Auburn, NY",Micropolitan Statistical Area
12220,12220,"Auburn-Opelika, AL",Metropolitan Statistical Area
12260,12260,"Augusta-Richmond County, GA-SC",Metropolitan Statistical Area
12300,12300,"Augusta-Waterville, ME",Micropolitan Statistical Area
12380,12380,"Austin, MN",Micropolitan Statistical Area
12420,12420,"Austin-Round Rock-Georgetown, TX",Metropolitan Statistical Area
12460,12460,"Bainbridge, GA",Micropolitan Statistical Area
12540,12540,"Bakersfield, CA",Metropolitan Statistical Area
12580,12580,"Baltimore-Columbia-Towson, MD",Metropolitan Statistical Area
12620,12620,"Bangor, ME",Metropolitan Statistical Area
12660,12660,"Baraboo, WI",Micropolitan Statistical Area
12680,12680,"Bardstown, KY",Micropolitan Statistical Area
12700,12700,"Barnstable Town, MA",Metropolitan Statistical Area
12740,12740,"Barre, VT",Micropolitan Statistical Area
12780,12780,"Bartlesville, OK",Micropolitan Statistical Area
12860,12860,"Batavia, NY",Micropolitan Statistical Area
12900,12900,"Batesville, AR",Micropolitan Statistical Area
12940,12940,"Baton Rouge, LA",Metropolitan Statistical Area
12980,12980,"Battle Creek, MI",Metropolitan Statistical Area
13020,13020,"Bay City, MI",Metropolitan Statistical Area
13060,13060,"Bay City, TX",Micropolitan Statistical Area
13100,13100,"Beatrice, NE",Micropolitan Statistical Area
13140,13140,"Beaumont-Port Arthur, TX",Metropolitan Statistical Area
13180,13180,"Beaver Dam, WI",Micropolitan Statistical Area
13220,13220,"Beckley, WV",Metropolitan Statistical Area
13260,13260,"Bedford, IN",Micropolitan Statistical Area
13300,13300,"Beeville, TX",Micropolitan Statistical Area
13340,13340,"Bellefontaine, OH",Micropolitan Statistical Area
13380,13380,"Bellingham, WA",Metropolitan Statistical Area
13420,13420,"Bemidji, MN",Micropolitan Statistical Area
13460,13460,"Bend, OR",Metropolitan Statistical Area
13500,13500,"Bennettsville, SC",Micropolitan Statistical Area
13540,13540,"Bennington, VT",Micropolitan Statistical Area
13620,13620,"Berlin, NH",Micropolitan Statistical Area
13660,13660,"Big Rapids, MI",Micropolitan Statistical Area
13700,13700,"Big Spring, TX",Micropolitan Statistical Area
13720,13720,"Big Stone Gap, VA",Micropolitan Statistical Area
13740,13740,"Billings, MT",Metropolitan Statistical Area
13780,13780,"Binghamton, NY",Metropolitan Statistical Area
13820,13820,"Birmingham-Hoover, AL",Metropolitan Statistical Area
13900,13900,"Bismarck, ND",Metropolitan Statistical Area
13940,13940,"Blackfoot, ID",Micropolitan Statistical Area
13980,13980,"Blacksburg-Christiansburg, VA",Metropolitan Statistical Area
14010,14010,"Bloomington, IL",Metropolitan Statistical Area
14020,14020,"Bloomington, IN",Metropolitan Statistical Area
14100,14100,"Bloomsburg-Berwick, PA",Metropolitan Statistical Area
14140,14140,"Bluefield, WV-VA",Micropolitan Statistical Area
14160,14160,"Bluffton, IN",Micropolitan Statistical Area
14180,14180,"Blytheville, AR",Micropolitan Statistical Area
14220,14220,"Bogalusa, LA",Micropolitan Statistical Area
14260,14260,"Boise City, ID",Metropolitan Statistical Area
14300,14300,"Bonham, TX",Micropolitan Statistical Area
14380,14380,"Boone, NC",Micropolitan Statistical Area
14420,14420,"Borger, TX",Micropolitan Statistical Area
14460,14460,"Boston-Cambridge-Newton, MA-NH",Metropolitan Statistical Area
14500,14500,"Boulder, CO",Metropolitan Statistical Area
14540,14540,"Bowling Green, KY",Metropolitan Statistical Area
14580,14580,"Bozeman, MT",Micropolitan Statistical Area
14620,14620,"Bradford, PA",Micropolitan Statistical Area
14660,14660,"Brainerd, MN",Micropolitan Statistical Area
14700,14700,"Branson, MO",Micropolitan Statistical Area
14720,14720,"Breckenridge, CO",Micropolitan Statistical Area
14740,14740,"Bremerton-Silverdale-Port Orchard, WA",Metropolitan Statistical Area
14780,14780,"Brenham, TX",Micropolitan Statistical Area
14820,14820,"Brevard, NC",Micropolitan Statistical Area
14860,14860,"Bridgeport-Stamford-Norwalk, CT",Metropolitan Statistical Area
15020,15020,"Brookhaven, MS",Micropolitan Statistical Area
15060,15060,"Brookings, OR",Micropolitan Statistical Area
15100,15100,"Brookings, SD",Micropolitan Statistical Area
15140,15140,"Brownsville, TN",Micropolitan Statistical Area
15180,15180,"Brownsville-Harlingen, TX",Metropolitan Statistical Area
15220,15220,"Brownwood, TX",Micropolitan Statistical Area
15260,15260,"Brunswick, GA",Metropolitan Statistical Area
15340,15340,"Bucyrus-Galion, OH",Micropolitan Statistical Area
15380,15380,"Buffalo-Cheektowaga, NY",Metropolitan Statistical Area
15420,15420,"Burley, ID",Micropolitan Statistical Area
15460,15460,"Burlington, IA-IL",Micropolitan Statistical Area
15500,15500,"Burlington, NC",Metropolitan Statistical Area
15540,15540,"Burlington-South Burlington, VT",Metropolitan Statistical Area
15580,15580,"Butte-Silver Bow, MT",Micropolitan Statistical Area
15620,15620,"Cadillac, MI",Micropolitan Statistical Area
15660,15660,"Calhoun, GA",Micropolitan Statistical Area
15680,15680,"California-Lexington Park, MD",Metropolitan Statistical Area
15700,15700,"Cambridge, MD",Micropolitan Statistical Area
15740,15740,"Cambridge, OH",Micropolitan Statistical Area
15780,15780,"Camden, AR",Micropolitan Statistical Area
15820,15820,"Campbellsville, KY",Micropolitan Statistical Area
15860,15860,"Cañon City, CO",Micropolitan Statistical Area
15940,15940,"Canton-Massillon, OH",Metropolitan Statistical Area
15980,15980,"Cape Coral-Fort Myers, FL",Metropolitan Statistical Area
16020,16020,"Cape Girardeau, MO-IL",Metropolitan Statistical Area
16060,16060,"Carbondale-Marion, IL",Metropolitan Statistical Area
16100,16100,"Carlsbad-Artesia, NM",Micropolitan Statistical Area
16140,16140,"Carroll, IA",Micropolitan Statistical Area
16180,16180,"Carson City, NV",Metropolitan Statistical Area
16220,16220,"Casper, WY",Metropolitan Statistical Area
16260,16260,"Cedar City, UT",Micropolitan Statistical Area
16300,16300,"Cedar Rapids, IA",Metropolitan Statistical Area
16340,16340,"Cedartown, GA",Micropolitan Statistical Area
16380,16380,"Celina, OH",Micropolitan Statistical Area
16420,16420,"Central City, KY",Micropolitan Statistical Area
16460,16460,"Centralia, IL",Micropolitan Statistical Area
16500,16500,"Centralia, WA",Micropolitan Statistical Area
16540,16540,"Chambersburg-Waynesboro, PA",Metropolitan Statistical Area
16580,16580,"Champaign-Urbana, IL",Metropolitan Statistical Area
16620,16620,"Charleston, WV",Metropolitan Statistical Area
16660,16660,"Charleston-Mattoon, IL",Micropolitan Statistical Area
16700,16700,"Charleston-North Charleston, SC",Metropolitan Statistical Area
16740,16740,"Charlotte-Concord-Gastonia, NC-SC",Metropolitan Statistical Area
16820,16820,"Charlottesville, VA",Metropolitan Statistical Area
16860,16860,"Chattanooga, TN-GA",Metropolitan Statistical Area
16940,16940,"Cheyenne, WY",Metropolitan Statistical Area
16980,16980,"Chicago-Naperville-Elgin, IL-IN-WI",Metropolitan Statistical Area
17020,17020,"Chico, CA",Metropolitan Statistical Area
17060,17060,"Chillicothe, OH",Micropolitan Statistical Area
17140,17140,"Cincinnati, OH-KY-IN",Metropolitan Statistical Area
17220,17220,"Clarksburg, WV",Micropolitan Statistical Area
17260,17260,"Clarksdale, MS",Micropolitan Statistical Area
17300,17300,"Clarksville, TN-KY",Metropolitan Statistical Area
17340,17340,"Clearlake, CA",Micropolitan Statistical Area
17380,17380,"Cleveland, MS",Micropolitan Statistical Area
17420,17420,"Cleveland, TN",Metropolitan Statistical Area
17460,17460,"Cleveland-Elyria, OH",Metropolitan Statistical Area
17500,17500,"Clewiston, FL",Micropolitan Statistical Area
17540,17540,"Clinton, IA",Micropolitan Statistical Area
17580,17580,"Clovis, NM",Micropolitan Statistical Area
17620,17620,"Coamo, PR",Micropolitan Statistical Area
17640,17640,"Coco, PR",Micropolitan Statistical Area
17660,17660,"Coeur d'Alene, ID",Metropolitan Statistical Area
17700,17700,"Coffeyville, KS",Micropolitan Statistical Area
17740,17740,"Coldwater, MI",Micropolitan Statistical Area
17780,17780,"College Station-Bryan, TX",Metropolitan Statistical Area
17820,17820,"Colorado Springs, CO",Metropolitan Statistical Area
17860,17860,"Columbia, MO",Metropolitan Statistical Area
17900,17900,"Columbia, SC",Metropolitan Statistical Area
17980,17980,"Columbus, GA-AL",Metropolitan Statistical Area
18020,18020,"Columbus, IN",Metropolitan Statistical Area
18060,18060,"Columbus, MS",Micropolitan Statistical Area
18100,18100,"Columbus, NE",Micropolitan Statistical Area
18140,18140,"Columbus, OH",Metropolitan Statistical Area
18180,18180,"Concord, NH",Micropolitan Statistical Area
18220,18220,"Connersville, IN",Micropolitan Statistical Area
18260,18260,"Cookeville, TN",Micropolitan Statistical Area
18300,18300,"Coos Bay, OR",Micropolitan Statistical Area
18380,18380,"Cordele, GA",Micropolitan Statistical Area
18420,18420,"Corinth, MS",Micropolitan Statistical Area
18460,18460,"Cornelia, GA",Micropolitan Statistical Area
18500,18500,"Corning, NY",Micropolitan Statistical Area
18580,18580,"Corpus Christi, TX",Metropolitan Statistical Area
18620,18620,"Corsicana, TX",Micropolitan Statistical Area
18660,18660,"Cortland, NY",Micropolitan Statistical Area
18700,18700,"Corvallis, OR",Metropolitan Statistical Area
18740,18740,"Coshocton, OH",Micropolitan Statistical Area
18780,18780,"Craig, CO",Micropolitan Statistical Area
18820,18820,"Crawfordsville, IN",Micropolitan Statistical Area
18860,18860,"Crescent City, CA",Micropolitan Statistical Area
18880,18880,"Crestview-Fort Walton Beach-Destin, FL",Metropolitan Statistical Area
18900,18900,"Crossville, TN",Micropolitan Statistical Area
18980,18980,"Cullman, AL",Micropolitan Statistical Area
19000,19000,"Cullowhee, NC",Micropolitan Statistical Area
19060,19060,"Cumberland, MD-WV",Metropolitan Statistical Area
19100,19100,"Dallas-Fort Worth-Arlington, TX",Metropolitan Statistical Area
19140,19140,"Dalton, GA",Metropolitan Statistical Area
19180,19180,"Danville, IL",Metropolitan Statistical Area
19220,19220,"Danville, KY",Micropolitan Statistical Area
19260,19260,"Danville, VA",Micropolitan Statistical Area
19300,19300,"Daphne-Fairhope-Foley, AL",Metropolitan Statistical Area
19340,19340,"Davenport-Moline-Rock Island, IA-IL",Metropolitan Statistical Area
19420,19420,"Dayton, TN",Micropolitan Statistical Area
19430,19430,"Dayton-Kettering, OH",Metropolitan Statistical Area
19460,19460,"Decatur, AL",Metropolitan Statistical Area
19500,19500,"Decatur, IL",Metropolitan Statistical Area
19540,19540,"Decatur, IN",Micropolitan Statistical Area
19580,19580,"Defiance, OH",Micropolitan Statistical Area
19620,19620,"Del Rio, TX",Micropolitan Statistical Area
19660,19660,"Deltona-Daytona Beach-Ormond Beach, FL",Metropolitan Statistical Area
19700,19700,"Deming, NM",Micropolitan Statistical Area
19740,19740,"Denver-Aurora-Lakewood, CO",Metropolitan Statistical Area
19760,19760,"DeRidder, LA",Micropolitan Statistical Area
19780,19780,"Des Moines-West Des Moines, IA",Metropolitan Statistical Area
19820,19820,"Detroit-Warren-Dearborn, MI",Metropolitan Statistical Area
19860,19860,"Dickinson, ND",Micropolitan Statistical Area
19940,19940,"Dixon, IL",Micropolitan Statistical Area
19980,19980,"Dodge City, KS",Micropolitan Statistical Area
20020,20020,"Dothan, AL",Metropolitan Statistical Area
20060,20060,"Douglas, GA",Micropolitan Statistical Area
20100,20100,"Dover, DE",Metropolitan Statistical Area
20140,20140,"Dublin, GA",Micropolitan Statistical Area
20180,20180,"DuBois, PA",Micropolitan Statistical Area
20220,20220,"Dubuque, IA",Metropolitan Statistical Area
20260,20260,"Duluth, MN-WI",Metropolitan Statistical Area
20300,20300,"Dumas, TX",Micropolitan Statistical Area
20340,20340,"Duncan, OK",Micropolitan Statistical Area
20420,20420,"Durango, CO",Micropolitan Statistical Area
20460,20460,"Durant, OK",Micropolitan Statistical Area
20500,20500,"Durham-Chapel Hill, NC",Metropolitan Statistical Area
20540,20540,"Dyersburg, TN",Micropolitan Statistical Area
20580,20580,"Eagle Pass, TX",Micropolitan Statistical Area
20660,20660,"Easton, MD",Micropolitan Statistical Area
20700,20700,"East Stroudsburg, PA",Metropolitan Statistical Area
20740,20740,"Eau Claire, WI",Metropolitan Statistical Area
20780,20780,"Edwards, CO",Micropolitan Statistical Area
20820,20820,"Effingham, IL",Micropolitan Statistical Area
20900,20900,"El Campo, TX",Micropolitan Statistical Area
20940,20940,"El Centro, CA",Metropolitan Statistical Area
20980,20980,"El Dorado, AR",Micropolitan Statistical Area
21020,21020,"Elizabeth City, NC",Micropolitan Statistical Area
21060,21060,"Elizabethtown-Fort Knox, KY",Metropolitan Statistical Area
21120,21120,"Elk City, OK",Micropolitan Statistical Area
21140,21140,"Elkhart-Goshen, IN",Metropolitan Statistical Area
21180,21180,"Elkins, WV",Micropolitan Statistical Area
21220,21220,"Elko, NV",Micropolitan Statistical Area
21260,21260,"Ellensburg, WA",Micropolitan Statistical Area
21300,21300,"Elmira, NY",Metropolitan Statistical Area
21340,21340,"El Paso, TX",Metropolitan Statistical Area
21380,21380,"Emporia, KS",Micropolitan Statistical Area
21420,21420,"Enid, OK",Metropolitan Statistical Area
21460,21460,"Enterprise, AL",Micropolitan Statistical Area
21500,21500,"Erie, PA",Metropolitan Statistical Area
21540,21540,"Escanaba, MI",Micropolitan Statistical Area
21580,21580,"Española, NM",Micropolitan Statistical Area
21640,21640,"Eufaula, AL-GA",Micropolitan Statistical Area
21660,21660,"Eugene-Springfield, OR",Metropolitan Statistical Area
21700,21700,"Eureka-Arcata, CA",Micropolitan Statistical Area
21740,21740,"Evanston, WY",Micropolitan Statistical Area
21780,21780,"Evansville, IN-KY",Metropolitan Statistical Area
21820,21820,"Fairbanks, AK",Metropolitan Statistical Area
21840,21840,"Fairfield, IA",Micropolitan Statistical Area
21860,21860,"Fairmont, MN",Micropolitan Statistical Area
21900,21900,"Fairmont, WV",Micropolitan Statistical Area
21980,21980,"Fallon, NV",Micropolitan Statistical Area
22020,22020,"Fargo, ND-MN",Metropolitan Statistical Area
22060,22060,"Faribault-Northfield, MN",Micropolitan Statistical Area
22100,22100,"Farmington, MO",Micropolitan Statistical Area
22140,22140,"Farmington, NM",Metropolitan Statistical Area
22180,22180,"Fayetteville, NC",Metropolitan Statistical Area
22220,22220,"Fayetteville-Springdale-Rogers, AR",Metropolitan Statistical Area
22260,22260,"Fergus Falls, MN",Micropolitan Statistical Area
22280,22280,"Fernley, NV",Micropolitan Statistical Area
22300,22300,"Findlay, OH",Micropolitan Statistical Area
22340,22340,"Fitzgerald, GA",Micropolitan Statistical Area
22380,22380,"Flagstaff, AZ",Metropolitan Statistical Area
22420,22420,"Flint, MI",Metropolitan Statistical Area
22500,22500,"Florence, SC",Metropolitan Statistical Area
22520,22520,"Florence-Muscle Shoals, AL",Metropolitan Statistical Area
22540,22540,"Fond du Lac, WI",Metropolitan Statistical Area
22580,22580,"Forest City, NC",Micropolitan Statistical Area
22620,22620,"Forrest City, AR",Micropolitan Statistical Area
22660,22660,"Fort Collins, CO",Metropolitan Statistical Area
22700,22700,"Fort Dodge, IA",Micropolitan Statistical Area
22780,22780,"Fort Leonard Wood, MO",Micropolitan Statistical Area
22800,22800,"Fort Madison-Keokuk, IA-IL-MO",Micropolitan Statistical Area
22820,22820,"Fort Morgan, CO",Micropolitan Statistical Area
22840,22840,"Fort Payne, AL",Micropolitan Statistical Area
22860,22860,"Fort Polk South, LA",Micropolitan Statistical Area
22900,22900,"Fort Smith, AR-OK",Metropolitan Statistical Area
23060,23060,"Fort Wayne, IN",Metropolitan Statistical Area
23140,23140,"Frankfort, IN",Micropolitan Statistical Area
23180,23180,"Frankfort, KY",Micropolitan Statistical Area
23240,23240,"Fredericksburg, TX",Micropolitan Statistical Area
23300,23300,"Freeport, IL",Micropolitan Statistical Area
23340,23340,"Fremont, NE",Micropolitan Statistical Area
23380,23380,"Fremont, OH",Micropolitan Statistical Area
23420,23420,"Fresno, CA",Metropolitan Statistical Area
23460,23460,"Gadsden, AL",Metropolitan Statistical Area
23500,23500,"Gaffney, SC",Micropolitan Statistical Area
23540,23540,"Gainesville, FL",Metropolitan Statistical Area
23580,23580,"Gainesville, GA",Metropolitan Statistical Area
23620,23620,"Gainesville, TX",Micropolitan Statistical Area
23660,23660,"Galesburg, IL",Micropolitan Statistical Area
23700,23700,"Gallup, NM",Micropolitan Statistical Area
23780,23780,"Garden City, KS",Micropolitan Statistical Area
23820,23820,"Gardnerville Ranchos, NV",Micropolitan Statistical Area
23860,23860,"Georgetown, SC",Micropolitan Statistical Area
23900,23900,"Gettysburg, PA",Metropolitan Statistical Area
23940,23940,"Gillette, WY",Micropolitan Statistical Area
23980,23980,"Glasgow, KY",Micropolitan Statistical Area
24020,24020,"Glens Falls, NY",Metropolitan Statistical Area
24060,24060,"Glenwood Springs, CO",Micropolitan Statistical Area
24100,24100,"Gloversville, NY",Micropolitan Statistical Area
24140,24140,"Goldsboro, NC",Metropolitan Statistical Area
24180,24180,"Granbury, TX",Micropolitan Statistical Area
24220,24220,"Grand Forks, ND-MN",Metropolitan Statistical Area
24260,24260,"Grand Island, NE",Metropolitan Statistical Area
24300,24300,"Grand Junction, CO",Metropolitan Statistical Area
24330,24330,"Grand Rapids, MN",Micropolitan Statistical Area
24340,24340,"Grand Rapids-Kentwood, MI",Metropolitan Statistical Area
24380,24380,"Grants, NM",Micropolitan Statistical Area
24420,24420,"Grants Pass, OR",Metropolitan Statistical Area
24460,24460,"Great Bend, KS",Micropolitan Statistical Area
24500,24500,"Great Falls, MT",Metropolitan Statistical Area
24540,24540,"Greeley, CO",Metropolitan Statistical Area
24580,24580,"Green Bay, WI",Metropolitan Statistical Area
24620,24620,"Greeneville, TN",Micropolitan Statistical Area
24660,24660,"Greensboro-High Point, NC",Metropolitan Statistical Area
24700,24700,"Greensburg, IN",Micropolitan Statistical Area
24740,24740,"Greenville, MS",Micropolitan Statistical Area
24780,24780,"Greenville, NC",Metropolitan Statistical Area
24820,24820,"Greenville, OH",Micropolitan Statistical Area
24860,24860,"Greenville-Anderson, SC",Metropolitan Statistical Area
24900,24900,"Greenwood, MS",Micropolitan Statistical Area
24940,24940,"Greenwood, SC",Micropolitan Statistical Area
24980,24980,"Grenada, MS",Micropolitan Statistical Area
25020,25020,"Guayama, PR",Metropolitan Statistical Area
25060,25060,"Gulfport-Biloxi, MS",Metropolitan Statistical Area
25100,25100,"Guymon, OK",Micropolitan Statistical Area
25180,25180,"Hagerstown-Martinsburg, MD-WV",Metropolitan Statistical Area
25200,25200,"Hailey, ID",Micropolitan Statistical Area
25220,25220,"Hammond, LA",Metropolitan Statistical Area
25260,25260,"Hanford-Corcoran, CA",Metropolitan Statistical Area
25300,25300,"Hannibal, MO",Micropolitan Statistical Area
25420,25420,"Harrisburg-Carlisle, PA",Metropolitan Statistical Area
25460,25460,"Harrison, AR",Micropolitan Statistical Area
25500,25500,"Harrisonburg, VA",Metropolitan Statistical Area
25540,25540,"Hartford-East Hartford-Middletown, CT",Metropolitan Statistical Area
25580,25580,"Hastings, NE",Micropolitan Statistical Area
25620,25620,"Hattiesburg, MS",Metropolitan Statistical Area
25700,25700,"Hays, KS",Micropolitan Statistical Area
25720,25720,"Heber, UT",Micropolitan Statistical Area
25740,25740,"Helena, MT",Micropolitan Statistical Area
25760,25760,"Helena-West Helena, AR",Micropolitan Statistical Area
25780,25780,"Henderson, NC",Micropolitan Statistical Area
25820,25820,"Hereford, TX",Micropolitan Statistical Area
25840,25840,"Hermiston-Pendleton, OR",Micropolitan Statistical Area
25860,25860,"Hickory-Lenoir-Morganton, NC",Metropolitan Statistical Area
25880,25880,"Hillsdale, MI",Micropolitan Statistical Area
25900,25900,"Hilo, HI",Micropolitan Statistical Area
25940,25940,"Hilton Head Island-Bluffton, SC",Metropolitan Statistical Area
25980,25980,"Hinesville, GA",Metropolitan Statistical Area
26020,26020,"Hobbs, NM",Micropolitan Statistical Area
26090,26090,"Holland, MI",Micropolitan Statistical Area
26140,26140,"Homosassa Springs, FL",Metropolitan Statistical Area
26220,26220,"Hood River, OR",Micropolitan Statistical Area
26260,26260,"Hope, AR",Micropolitan Statistical Area
26300,26300,"Hot Springs, AR",Metropolitan Statistical Area
26340,26340,"Houghton, MI",Micropolitan Statistical Area
26380,26380,"Houma-Thibodaux, LA",Metropolitan Statistical Area
26420,26420,"Houston-The Woodlands-Sugar Land, TX",Metropolitan Statistical Area
26460,26460,"Hudson, NY",Micropolitan Statistical Area
26500,26500,"Huntingdon, PA",Micropolitan Statistical Area
26540,26540,"Huntington, IN",Micropolitan Statistical Area
26580,26580,"Huntington-Ashland, WV-KY-OH",Metropolitan Statistical Area
26620,26620,"Huntsville, AL",Metropolitan Statistical Area
26660,26660,"Huntsville, TX",Micropolitan Statistical Area
26700,26700,"Huron, SD",Micropolitan Statistical Area
26740,26740,"Hutchinson, KS",Micropolitan Statistical Area
26780,26780,"Hutchinson, MN",Micropolitan Statistical Area
26820,26820,"Idaho Falls, ID",Metropolitan Statistical Area
26860,26860,"Indiana, PA",Micropolitan Statistical Area
26900,26900,"Indianapolis-Carmel-Anderson, IN",Metropolitan Statistical Area
26940,26940,"Indianola, MS",Micropolitan Statistical Area
26980,26980,"Iowa City, IA",Metropolitan Statistical Area
27020,27020,"Iron Mountain, MI-WI",Micropolitan Statistical Area
27060,27060,"Ithaca, NY",Metropolitan Statistical Area
27100,27100,"Jackson, MI",Metropolitan Statistical Area
27140,27140,"Jackson, MS",Metropolitan Statistical Area
27160,27160,"Jackson, OH",Micropolitan Statistical Area
27180,27180,"Jackson, TN",Metropolitan Statistical Area
27220,27220,"Jackson, WY-ID",Micropolitan Statistical Area
27260,27260,"Jacksonville, FL",Metropolitan Statistical Area
27300,27300,"Jacksonville, IL",Micropolitan Statistical Area
27340,27340,"Jacksonville, NC",Metropolitan Statistical Area
27380,27380,"Jacksonville, TX",Micropolitan Statistical Area
27420,27420,"Jamestown, ND",Micropolitan Statistical Area
27460,27460,"Jamestown-Dunkirk-Fredonia, NY",Micropolitan Statistical Area
27500,27500,"Janesville-Beloit, WI",Metropolitan Statistical Area
27530,27530,"Jasper, AL",Micropolitan Statistical Area
27540,27540,"Jasper, IN",Micropolitan Statistical Area
27580,27580,"Jayuya, PR",Micropolitan Statistical Area
27600,27600,"Jefferson, GA",Micropolitan Statistical Area
27620,27620,"Jefferson City, MO",Metropolitan Statistical Area
27660,27660,"Jennings, LA",Micropolitan Statistical Area
27700,27700,"Jesup, GA",Micropolitan Statistical Area
27740,27740,"Johnson City, TN",Metropolitan Statistical Area
27780,27780,"Johnstown, PA",Metropolitan Statistical Area
27860,27860,"Jonesboro, AR",Metropolitan Statistical Area
27900,27900,"Joplin, MO",Metropolitan Statistical Area
27940,27940,"Juneau, AK",Micropolitan Statistical Area
27980,27980,"Kahului-Wailuku-Lahaina, HI",Metropolitan Statistical Area
28020,28020,"Kalamazoo-Portage, MI",Metropolitan Statistical Area
28060,28060,"Kalispell, MT",Micropolitan Statistical Area
28100,28100,"Kankakee, IL",Metropolitan Statistical Area
28140,28140,"Kansas City, MO-KS",Metropolitan Statistical Area
28180,28180,"Kapaa, HI",Micropolitan Statistical Area
28260,28260,"Kearney, NE",Micropolitan Statistical Area
28300,28300,"Keene, NH",Micropolitan Statistical Area
28340,28340,"Kendallville, IN",Micropolitan Statistical Area
28380,28380,"Kennett, MO",Micropolitan Statistical Area
28420,28420,"Kennewick-Richland, WA",Metropolitan Statistical Area
28500,28500,"Kerrville, TX",Micropolitan Statistical Area
28540,28540,"Ketchikan, AK",Micropolitan Statistical Area
28580,28580,"Key West, FL",Micropolitan Statistical Area
28620,28620,"Kill Devil Hills, NC",Micropolitan Statistical Area
28660,28660,"Killeen-Temple, TX",Metropolitan Statistical Area
28700,28700,"Kingsport-Bristol, TN-VA",Metropolitan Statistical Area
28740,28740,"Kingston, NY",Metropolitan Statistical Area
28780,28780,"Kingsville, TX",Micropolitan Statistical Area
28820,28820,"Kinston, NC",Micropolitan Statistical Area
28860,28860,"Kirksville, MO",Micropolitan Statistical Area
28900,28900,"Klamath Falls, OR",Micropolitan Statistical Area
28940,28940,"Knoxville, TN",Metropolitan Statistical Area
29020,29020,"Kokomo, IN",Metropolitan Statistical Area
29060,29060,"Laconia, NH",Micropolitan Statistical Area
29100,29100,"La Crosse-Onalaska, WI-MN",Metropolitan Statistical Area
29180,29180,"Lafayette, LA",Metropolitan Statistical Area
29200,29200,"Lafayette-West Lafayette, IN",Metropolitan Statistical Area
29260,29260,"La Grande, OR",Micropolitan Statistical Area
29300,29300,"LaGrange, GA-AL",Micropolitan Statistical Area
29340,29340,"Lake Charles, LA",Metropolitan Statistical Area
29380,29380,"Lake City, FL",Micropolitan Statistical Area
29420,29420,"Lake Havasu City-Kingman, AZ",Metropolitan Statistical Area
29460,29460,"Lakeland-Winter Haven, FL",Metropolitan Statistical Area
29500,29500,"Lamesa, TX",Micropolitan Statistical Area
29540,29540,"Lancaster, PA",Metropolitan Statistical Area
29620,29620,"Lansing-East Lansing, MI",Metropolitan Statistical Area
29660,29660,"Laramie, WY",Micropolitan Statistical Area
29700,29700,"Laredo, TX",Metropolitan Statistical Area
29740,29740,"Las Cruces, NM",Metropolitan Statistical Area
29780,29780,"Las Vegas, NM",Micropolitan Statistical Area
29820,29820,"Las Vegas-Henderson-Paradise, NV",Metropolitan Statistical Area
29860,29860,"Laurel, MS",Micropolitan Statistical Area
29900,29900,"Laurinburg, NC",Micropolitan Statistical Area
29940,29940,"Lawrence, KS",Metropolitan Statistical Area
29980,29980,"Lawrenceburg, TN",Micropolitan Statistical Area
30020,30020,"Lawton, OK",Metropolitan Statistical Area
30060,30060,"Lebanon, MO",Micropolitan Statistical Area
30100,30100,"Lebanon, NH-VT",Micropolitan Statistical Area
30140,30140,"Lebanon, PA",Metropolitan Statistical Area
30220,30220,"Levelland, TX",Micropolitan Statistical Area
30260,30260,"Lewisburg, PA",Micropolitan Statistical Area
30280,30280,"Lewisburg, TN",Micropolitan Statistical Area
30300,30300,"Lewiston, ID-WA",Metropolitan Statistical Area
30340,30340,"Lewiston-Auburn, ME",Metropolitan Statistical Area
30380,30380,"Lewistown, PA",Micropolitan Statistical Area
30420,30420,"Lexington, NE",Micropolitan Statistical Area
30460,30460,"Lexington-Fayette, KY",Metropolitan Statistical Area
30580,30580,"Liberal, KS",Micropolitan Statistical Area
30620,30620,"Lima, OH",Metropolitan Statistical Area
30660,30660,"Lincoln, IL",Micropolitan Statistical Area
30700,30700,"Lincoln, NE",Metropolitan Statistical Area
30780,30780,"Little Rock-North Little Rock-Conway, AR",Metropolitan Statistical Area
30820,30820,"Lock Haven, PA",Micropolitan Statistical Area
30860,30860,"Logan, UT-ID",Metropolitan Statistical Area
30900,30900,"Logansport, IN",Micropolitan Statistical Area
30940,30940,"London, KY",Micropolitan Statistical Area
30980,30980,"Longview, TX",Metropolitan Statistical Area
31020,31020,"Longview, WA",Metropolitan Statistical Area
31060,31060,"Los Alamos, NM",Micropolitan Statistical Area
31080,31080,"Los Angeles-Long Beach-Anaheim, CA",Metropolitan Statistical Area
31140,31140,"Louisville/Jefferson County, KY-IN",Metropolitan Statistical Area
31180,31180,"Lubbock, TX",Metropolitan Statistical Area
31220,31220,"Ludington, MI",Micropolitan Statistical Area
31260,31260,"Lufkin, TX",Micropolitan Statistical Area
31300,31300,"Lumberton, NC",Micropolitan Statistical Area
31340,31340,"Lynchburg, VA",Metropolitan Statistical Area
31380,31380,"Macomb, IL",Micropolitan Statistical Area
31420,31420,"Macon-Bibb County, GA",Metropolitan Statistical Area
31460,31460,"Madera, CA",Metropolitan Statistical Area
31500,31500,"Madison, IN",Micropolitan Statistical Area
31540,31540,"Madison, WI",Metropolitan Statistical Area
31580,31580,"Madisonville, KY",Micropolitan Statistical Area
31620,31620,"Magnolia, AR",Micropolitan Statistical Area
31660,31660,"Malone, NY",Micropolitan Statistical Area
31680,31680,"Malvern, AR",Micropolitan Statistical Area
31700,31700,"Manchester-Nashua, NH",Metropolitan Statistical Area
31740,31740,"Manhattan, KS",Metropolitan Statistical Area
31820,31820,"Manitowoc, WI",Micropolitan Statistical Area
31860,31860,"Mankato, MN",Metropolitan Statistical Area
31900,31900,"Mansfield, OH",Metropolitan Statistical Area
31930,31930,"Marietta, OH",Micropolitan Statistical Area
31940,31940,"Marinette, WI-MI",Micropolitan Statistical Area
31980,31980,"Marion, IN",Micropolitan Statistical Area
32000,32000,"Marion, NC",Micropolitan Statistical Area
32020,32020,"Marion, OH",Micropolitan Statistical Area
32100,32100,"Marquette, MI",Micropolitan Statistical Area
32140,32140,"Marshall, MN",Micropolitan Statistical Area
32180,32180,"Marshall, MO",Micropolitan Statistical Area
32260,32260,"Marshalltown, IA",Micropolitan Statistical Area
32280,32280,"Martin, TN",Micropolitan Statistical Area
32300,32300,"Martinsville, VA",Micropolitan Statistical Area
32340,32340,"Maryville, MO",Micropolitan Statistical Area
32380,32380,"Mason City, IA",Micropolitan Statistical Area
32420,32420,"Mayagüez, PR",Metropolitan Statistical Area
32460,32460,"Mayfield, KY",Micropolitan Statistical Area
32500,32500,"Maysville, KY",Micropolitan Statistical Area
32540,32540,"McAlester, OK",Micropolitan Statistical Area
32580,32580,"McAllen-Edinburg-Mission, TX",Metropolitan Statistical Area
32620,32620,"McComb, MS",Micropolitan Statistical Area
32660,32660,"McMinnville, TN",Micropolitan Statistical Area
32700,32700,"McPherson, KS",Micropolitan Statistical Area
32740,32740,"Meadville, PA",Micropolitan Statistical Area
32780,32780,"Medford, OR",Metropolitan Statistical Area
32820,32820,"Memphis, TN-MS-AR",Metropolitan Statistical Area
32860,32860,"Menomonie, WI",Micropolitan Statistical Area
32900,32900,"Merced, CA",Metropolitan Statistical Area
32940,32940,"Meridian, MS",Micropolitan Statistical Area
33020,33020,"Mexico, MO",Micropolitan Statistical Area
33060,33060,"Miami, OK",Micropolitan Statistical Area
33100,33100,"Miami-Fort Lauderdale-Pompano Beach, FL",Metropolitan Statistical Area
33140,33140,"Michigan City-La Porte, IN",Metropolitan Statistical Area
33180,33180,"Middlesborough, KY",Micropolitan Statistical Area
33220,33220,"Midland, MI",Metropolitan Statistical Area
33260,33260,"Midland, TX",Metropolitan Statistical Area
33300,33300,"Milledgeville, GA",Micropolitan Statistical Area
33340,33340,"Milwaukee-Waukesha, WI",Metropolitan Statistical Area
33380,33380,"Minden, LA",Micropolitan Statistical Area
33420,33420,"Mineral Wells, TX",Micropolitan Statistical Area
33460,33460,"Minneapolis-St. Paul-Bloomington, MN-WI",Metropolitan Statistical Area
33500,33500,"Minot, ND",Micropolitan Statistical Area
33540,33540,"Missoula, MT",Metropolitan Statistical Area
33580,33580,"Mitchell, SD",Micropolitan Statistical Area
33620,33620,"Moberly, MO",Micropolitan Statistical Area
33660,33660,"Mobile, AL",Metropolitan Statistical Area
33700,33700,"Modesto, CA",Metropolitan Statistical Area
33740,33740,"Monroe, LA",Metropolitan Statistical Area
33780,33780,"Monroe, MI",Metropolitan Statistical Area
33860,33860,"Montgomery, AL",Metropolitan Statistical Area
33940,33940,"Montrose, CO",Micropolitan Statistical Area
33980,33980,"Morehead City, NC",Micropolitan Statistical Area
34020,34020,"Morgan City, LA",Micropolitan Statistical Area
34060,34060,"Morgantown, WV",Metropolitan Statistical Area
34100,34100,"Morristown, TN",Metropolitan Statistical Area
34140,34140,"Moscow, ID",Micropolitan Statistical Area
34180,34180,"Moses Lake, WA",Micropolitan Statistical Area
34220,34220,"Moultrie, GA",Micropolitan Statistical Area
34260,34260,"Mountain Home, AR",Micropolitan Statistical Area
34300,34300,"Mountain Home, ID",Micropolitan Statistical Area
34340,34340,"Mount Airy, NC",Micropolitan Statistical Area
34350,34350,"Mount Gay-Shamrock, WV",Micropolitan Statistical Area
34380,34380,"Mount Pleasant, MI",Micropolitan Statistical Area
34420,34420,"Mount Pleasant, TX",Micropolitan Statistical Area
34460,34460,"Mount Sterling, KY",Micropolitan Statistical Area
34500,34500,"Mount Vernon, IL",Micropolitan Statistical Area
34540,34540,"Mount Vernon, OH",Micropolitan Statistical Area
34580,34580,"Mount Vernon-Anacortes, WA",Metropolitan Statistical Area
34620,34620,"Muncie, IN",Metropolitan Statistical Area
34660,34660,"Murray, KY",Micropolitan Statistical Area
34700,34700,"Muscatine, IA",Micropolitan Statistical Area
34740,34740,"Muskegon, MI",Metropolitan Statistical Area
34780,34780,"Muskogee, OK",Micropolitan Statistical Area
34820,34820,"Myrtle Beach-Conway-North Myrtle Beach, SC-NC",Metropolitan Statistical Area
34860,34860,"Nacogdoches, TX",Micropolitan Statistical Area
34900,34900,"Napa, CA",Metropolitan Statistical Area
34940,34940,"Naples-Marco Island, FL",Metropolitan Statistical Area
34980,34980,"Nashville-Davidson--Murfreesboro--Franklin, TN",Metropolitan Statistical Area
35020,35020,"Natchez, MS-LA",Micropolitan Statistical Area
35060,35060,"Natchitoches, LA",Micropolitan Statistical Area
35100,35100,"New Bern, NC",Metropolitan Statistical Area
35140,35140,"Newberry, SC",Micropolitan Statistical Area
35220,35220,"New Castle, IN",Micropolitan Statistical Area
35260,35260,"New Castle, PA",Micropolitan Statistical Area
35300,35300,"New Haven-Milford, CT",Metropolitan Statistical Area
35380,35380,"New Orleans-Metairie, LA",Metropolitan Statistical Area
35420,35420,"New Philadelphia-Dover, OH",Micropolitan Statistical Area
35440,35440,"Newport, OR",Micropolitan Statistical Area
35460,35460,"Newport, TN",Micropolitan Statistical Area
35580,35580,"New Ulm, MN",Micropolitan Statistical Area
35620,35620,"New York-Newark-Jersey City, NY-NJ-PA",Metropolitan Statistical Area
35660,35660,"Niles, MI",Metropolitan Statistical Area
35700,35700,"Nogales, AZ",Micropolitan Statistical Area
35740,35740,"Norfolk, NE",Micropolitan Statistical Area
35820,35820,"North Platte, NE",Micropolitan Statistical Area
35840,35840,"North Port-Sarasota-Bradenton, FL",Metropolitan Statistical Area
35860,35860,"North Vernon, IN",Micropolitan Statistical Area
35900,35900,"North Wilkesboro, NC",Micropolitan Statistical Area
35940,35940,"Norwalk, OH",Micropolitan Statistical Area
35980,35980,"Norwich-New London, CT",Metropolitan Statistical Area
36020,36020,"Oak Harbor, WA",Micropolitan Statistical Area
36100,36100,"Ocala, FL",Metropolitan Statistical Area
36140,36140,"Ocean City, NJ",Metropolitan Statistical Area
36220,36220,"Odessa, TX",Metropolitan Statistical Area
36260,36260,"Ogden-Clearfield, UT",Metropolitan Statistical Area
36300,36300,"Ogdensburg-Massena, NY",Micropolitan Statistical Area
36340,36340,"Oil City, PA",Micropolitan Statistical Area
36380,36380,"Okeechobee, FL",Micropolitan Statistical Area
36420,36420,"Oklahoma City, OK",Metropolitan Statistical Area
36460,36460,"Olean, NY",Micropolitan Statistical Area
36500,36500,"Olympia-Lacey-Tumwater, WA",Metropolitan Statistical Area
36540,36540,"Omaha-Council Bluffs, NE-IA",Metropolitan Statistical Area
36580,36580,"Oneonta, NY",Micropolitan Statistical Area
36620,36620,"Ontario, OR-ID",Micropolitan Statistical Area
36660,36660,"Opelousas, LA",Micropolitan Statistical Area
36700,36700,"Orangeburg, SC",Micropolitan Statistical Area
36740,36740,"Orlando-Kissimmee-Sanford, FL",Metropolitan Statistical Area
36780,36780,"Oshkosh-Neenah, WI",Metropolitan Statistical Area
36820,36820,"Oskaloosa, IA",Micropolitan Statistical Area
36830,36830,"Othello, WA",Micropolitan Statistical Area
36837,36837,"Ottawa, IL",Micropolitan Statistical Area
36840,36840,"Ottawa, KS",Micropolitan Statistical Area
36900,36900,"Ottumwa, IA",Micropolitan Statistical Area
36940,36940,"Owatonna, MN",Micropolitan Statistical Area
36980,36980,"Owensboro, KY",Metropolitan Statistical Area
37060,37060,"Oxford, MS",Micropolitan Statistical Area
37100,37100,"Oxnard-Thousand Oaks-Ventura, CA",Metropolitan Statistical Area
37120,37120,"Ozark, AL",Micropolitan Statistical Area
37140,37140,"Paducah, KY-IL",Micropolitan Statistical Area
37220,37220,"Pahrump, NV",Micropolitan Statistical Area
37260,37260,"Palatka, FL",Micropolitan Statistical Area
37300,37300,"Palestine, TX",Micropolitan Statistical Area
37340,37340,"Palm Bay-Melbourne-Titusville, FL",Metropolitan Statistical Area
37420,37420,"Pampa, TX",Micropolitan Statistical Area
37460,37460,"Panama City, FL",Metropolitan Statistical Area
37500,37500,"Paragould, AR",Micropolitan Statistical Area
37540,37540,"Paris, TN",Micropolitan Statistical Area
37580,37580,"Paris, TX",Micropolitan Statistical Area
37620,37620,"Parkersburg-Vienna, WV",Metropolitan Statistical Area
37660,37660,"Parsons, KS",Micropolitan Statistical Area
37740,37740,"Payson, AZ",Micropolitan Statistical Area
37770,37770,"Pearsall, TX",Micropolitan Statistical Area
37780,37780,"Pecos, TX",Micropolitan Statistical Area
37800,37800,"Pella, IA",Micropolitan Statistical Area
37860,37860,"Pensacola-Ferry Pass-Brent, FL",Metropolitan Statistical Area
37900,37900,"Peoria, IL",Metropolitan Statistical Area
37940,37940,"Peru, IN",Micropolitan Statistical Area
37980,37980,"Philadelphia-Camden-Wilmington, PA-NJ-DE-MD",Metropolitan Statistical Area
38060,38060,"Phoenix-Mesa-Chandler, AZ",Metropolitan Statistical Area
38100,38100,"Picayune, MS",Micropolitan Statistical Area
38180,38180,"Pierre, SD",Micropolitan Statistical Area
38220,38220,"Pine Bluff, AR",Metropolitan Statistical Area
38240,38240,"Pinehurst-Southern Pines, NC",Micropolitan Statistical Area
38260,38260,"Pittsburg, KS",Micropolitan Statistical Area
38300,38300,"Pittsburgh, PA",Metropolitan Statistical Area
38340,38340,"Pittsfield, MA",Metropolitan Statistical Area
38380,38380,"Plainview, TX",Micropolitan Statistical Area
38420,38420,"Platteville, WI",Micropolitan Statistical Area
38460,38460,"Plattsburgh, NY",Micropolitan Statistical Area
38500,38500,"Plymouth, IN",Micropolitan Statistical Area
38540,38540,"Pocatello, ID",Metropolitan Statistical Area
38580,38580,"Point Pleasant, WV-OH",Micropolitan Statistical Area
38620,38620,"Ponca City, OK",Micropolitan Statistical Area
38660,38660,"Ponce, PR",Metropolitan Statistical Area
38700,38700,"Pontiac, IL",Micropolitan Statistical Area
38740,38740,"Poplar Bluff, MO",Micropolitan Statistical Area
38780,38780,"Portales, NM",Micropolitan Statistical Area
38820,38820,"Port Angeles, WA",Micropolitan Statistical Area
38860,38860,"Portland-South Portland, ME",Metropolitan Statistical Area
38900,38900,"Portland-Vancouver-Hillsboro, OR-WA",Metropolitan Statistical Area
38920,38920,"Port Lavaca, TX",Micropolitan Statistical Area
38940,38940,"Port St. Lucie, FL",Metropolitan Statistical Area
39020,39020,"Portsmouth, OH",Micropolitan Statistical Area
39060,39060,"Pottsville, PA",Micropolitan Statistical Area
39100,39100,"Poughkeepsie-Newburgh-Middletown, NY",Metropolitan Statistical Area
39150,39150,"Prescott Valley-Prescott, AZ",Metropolitan Statistical Area
39220,39220,"Price, UT",Micropolitan Statistical Area
39260,39260,"Prineville, OR",Micropolitan Statistical Area
39300,39300,"Providence-Warwick, RI-MA",Metropolitan Statistical Area
39340,39340,"Provo-Orem, UT",Metropolitan Statistical Area
39380,39380,"Pueblo, CO",Metropolitan Statistical Area
39420,39420,"Pullman, WA",Micropolitan Statistical Area
39460,39460,"Punta Gorda, FL",Metropolitan Statistical Area
39500,39500,"Quincy, IL-MO",Micropolitan Statistical Area
39540,39540,"Racine, WI",Metropolitan Statistical Area
39580,39580,"Raleigh-Cary, NC",Metropolitan Statistical Area
39660,39660,"Rapid City, SD",Metropolitan Statistical Area
39700,39700,"Raymondville, TX",Micropolitan Statistical Area
39740,39740,"Reading, PA",Metropolitan Statistical Area
39780,39780,"Red Bluff, CA",Micropolitan Statistical Area
39820,39820,"Redding, CA",Metropolitan Statistical Area
39860,39860,"Red Wing, MN",Micropolitan Statistical Area
39900,39900,"Reno, NV",Metropolitan Statistical Area
39940,39940,"Rexburg, ID",Micropolitan Statistical Area
39980,39980,"Richmond, IN",Micropolitan Statistical Area
40060,40060,"Richmond, VA",Metropolitan Statistical Area
40080,40080,"Richmond-Berea, KY",Micropolitan Statistical Area
40100,40100,"Rio Grande City-Roma, TX",Micropolitan Statistical Area
40140,40140,"Riverside-San Bernardino-Ontario, CA",Metropolitan Statistical Area
40180,40180,"Riverton, WY",Micropolitan Statistical Area
40220,40220,"Roanoke, VA",Metropolitan Statistical Area
40260,40260,"Roanoke Rapids, NC",Micropolitan Statistical Area
40300,40300,"Rochelle, IL",Micropolitan Statistical Area
40340,40340,"Rochester, MN",Metropolitan Statistical Area
40380,40380,"Rochester, NY",Metropolitan Statistical Area
40420,40420,"Rockford, IL",Metropolitan Statistical Area
40460,40460,"Rockingham, NC",Micropolitan Statistical Area
40530,40530,"Rockport, TX",Micropolitan Statistical Area
40540,40540,"Rock Springs, WY",Micropolitan Statistical Area
40580,40580,"Rocky Mount, NC",Metropolitan Statistical Area
40620,40620,"Rolla, MO",Micropolitan Statistical Area
40660,40660,"Rome, GA",Metropolitan Statistical Area
40700,40700,"Roseburg, OR",Micropolitan Statistical Area
40740,40740,"Roswell, NM",Micropolitan Statistical Area
40760,40760,"Ruidoso, NM",Micropolitan Statistical Area
40780,40780,"Russellville, AR",Micropolitan Statistical Area
40820,40820,"Ruston, LA",Micropolitan Statistical Area
40860,40860,"Rutland, VT",Micropolitan Statistical Area
40900,40900,"Sacramento-Roseville-Folsom, CA",Metropolitan Statistical Area
40940,40940,"Safford, AZ",Micropolitan Statistical Area
40980,40980,"Saginaw, MI",Metropolitan Statistical Area
41060,41060,"St. Cloud, MN",Metropolitan Statistical Area
41100,41100,"St. George, UT",Metropolitan Statistical Area
41140,41140,"St. Joseph, MO-KS",Metropolitan Statistical Area
41180,41180,"St. Louis, MO-IL",Metropolitan Statistical Area
41220,41220,"St. Marys, GA",Micropolitan Statistical Area
41260,41260,"St. Marys, PA",Micropolitan Statistical Area
41400,41400,"Salem, OH",Micropolitan Statistical Area
41420,41420,"Salem, OR",Metropolitan Statistical Area
41460,41460,"Salina, KS",Micropolitan Statistical Area
41500,41500,"Salinas, CA",Metropolitan Statistical Area
41540,41540,"Salisbury, MD-DE",Metropolitan Statistical Area
41620,41620,"Salt Lake City, UT",Metropolitan Statistical Area
41660,41660,"San Angelo, TX",Metropolitan Statistical Area
41700,41700,"San Antonio-New Braunfels, TX",Metropolitan Statistical Area
41740,41740,"San Diego-Chula Vista-Carlsbad, CA",Metropolitan Statistical Area
41760,41760,"Sandpoint, ID",Micropolitan Statistical Area
41780,41780,"Sandusky, OH",Micropolitan Statistical Area
41820,41820,"Sanford, NC",Micropolitan Statistical Area
41860,41860,"San Francisco-Oakland-Berkeley, CA",Metropolitan Statistical Area
41900,41900,"San Germán, PR",Metropolitan Statistical Area
41940,41940,"San Jose-Sunnyvale-Santa Clara, CA",Metropolitan Statistical Area
41980,41980,"San Juan-Bayamón-Caguas, PR",Metropolitan Statistical Area
42020,42020,"San Luis Obispo-Paso Robles, CA",Metropolitan Statistical Area
42100,42100,"Santa Cruz-Watsonville, CA",Metropolitan Statistical Area
42140,42140,"Santa Fe, NM",Metropolitan Statistical Area
42180,42180,"Santa Isabel, PR",Micropolitan Statistical Area
42200,42200,"Santa Maria-Santa Barbara, CA",Metropolitan Statistical Area
42220,42220,"Santa Rosa-Petaluma, CA",Metropolitan Statistical Area
42300,42300,"Sault Ste. Marie, MI",Micropolitan Statistical Area
42340,42340,"Savannah, GA",Metropolitan Statistical Area
42380,42380,"Sayre, PA",Micropolitan Statistical Area
42420,42420,"Scottsbluff, NE",Micropolitan Statistical Area
42460,42460,"Scottsboro, AL",Micropolitan Statistical Area
42500,42500,"Scottsburg, IN",Micropolitan Statistical Area
42540,42540,"Scranton--Wilkes-Barre, PA",Metropolitan Statistical Area
42620,42620,"Searcy, AR",Micropolitan Statistical Area
42660,42660,"Seattle-Tacoma-Bellevue, WA",Metropolitan Statistical Area
42680,42680,"Sebastian-Vero Beach, FL",Metropolitan Statistical Area
42700,42700,"Sebring-Avon Park, FL",Metropolitan Statistical Area
42740,42740,"Sedalia, MO",Micropolitan Statistical Area
42780,42780,"Selinsgrove, PA",Micropolitan Statistical Area
42820,42820,"Selma, AL",Micropolitan Statistical Area
42860,42860,"Seneca, SC",Micropolitan Statistical Area
42900,42900,"Seneca Falls, NY",Micropolitan Statistical Area
42940,42940,"Sevierville, TN",Micropolitan Statistical Area
42980,42980,"Seymour, IN",Micropolitan Statistical Area
43020,43020,"Shawano, WI",Micropolitan Statistical Area
43060,43060,"Shawnee, OK",Micropolitan Statistical Area
43100,43100,"Sheboygan, WI",Metropolitan Statistical Area
43140,43140,"Shelby, NC",Micropolitan Statistical Area
43180,43180,"Shelbyville, TN",Micropolitan Statistical Area
43220,43220,"Shelton, WA",Micropolitan Statistical Area
43260,43260,"Sheridan, WY",Micropolitan Statistical Area
43300,43300,"Sherman-Denison, TX",Metropolitan Statistical Area
43320,43320,"Show Low, AZ",Micropolitan Statistical Area
43340,43340,"Shreveport-Bossier City, LA",Metropolitan Statistical Area
43380,43380,"Sidney, OH",Micropolitan Statistical Area
43420,43420,"Sierra Vista-Douglas, AZ",Metropolitan Statistical Area
43460,43460,"Sikeston, MO",Micropolitan Statistical Area
43500,43500,"Silver City, NM",Micropolitan Statistical Area
43580,43580,"Sioux City, IA-NE-SD",Metropolitan Statistical Area
43620,43620,"Sioux Falls, SD",Metropolitan Statistical Area
43660,43660,"Snyder, TX",Micropolitan Statistical Area
43700,43700,"Somerset, KY",Micropolitan Statistical Area
43740,43740,"Somerset, PA",Micropolitan Statistical Area
43760,43760,"Sonora, CA",Micropolitan Statistical Area
43780,43780,"South Bend-Mishawaka, IN-MI",Metropolitan Statistical Area
43900,43900,"Spartanburg, SC",Metropolitan Statistical Area
43940,43940,"Spearfish, SD",Micropolitan Statistical Area
43980,43980,"Spencer, IA",Micropolitan Statistical Area
44020,44020,"Spirit Lake, IA",Micropolitan Statistical Area
44060,44060,"Spokane-Spokane Valley, WA",Metropolitan Statistical Area
44100,44100,"Springfield, IL",Metropolitan Statistical Area
44140,44140,"Springfield, MA",Metropolitan Statistical Area
44180,44180,"Springfield, MO",Metropolitan Statistical Area
44220,44220,"Springfield, OH",Metropolitan Statistical Area
44260,44260,"Starkville, MS",Micropolitan Statistical Area
44300,44300,"State College, PA",Metropolitan Statistical Area
44340,44340,"Statesboro, GA",Micropolitan Statistical Area
44420,44420,"Staunton, VA",Metropolitan Statistical Area
44460,44460,"Steamboat Springs, CO",Micropolitan Statistical Area
44500,44500,"Stephenville, TX",Micropolitan Statistical Area
44540,44540,"Sterling, CO",Micropolitan Statistical Area
44580,44580,"Sterling, IL",Micropolitan Statistical Area
44620,44620,"Stevens Point, WI",Micropolitan Statistical Area
44660,44660,"Stillwater, OK",Micropolitan Statistical Area
44700,44700,"Stockton, CA",Metropolitan Statistical Area
44740,44740,"Storm Lake, IA",Micropolitan Statistical Area
44780,44780,"Sturgis, MI",Micropolitan Statistical Area
44860,44860,"Sulphur Springs, TX",Micropolitan Statistical Area
44900,44900,"Summerville, GA",Micropolitan Statistical Area
44940,44940,"Sumter, SC",Metropolitan Statistical Area
44980,44980,"Sunbury, PA",Micropolitan Statistical Area
45000,45000,"Susanville, CA",Micropolitan Statistical Area
45020,45020,"Sweetwater, TX",Micropolitan Statistical Area
45060,45060,"Syracuse, NY",Metropolitan Statistical Area
45140,45140,"Tahlequah, OK",Micropolitan Statistical Area
45180,45180,"Talladega-Sylacauga, AL",Micropolitan Statistical Area
45220,45220,"Tallahassee, FL",Metropolitan Statistical Area
45300,45300,"Tampa-St. Petersburg-Clearwater, FL",Metropolitan Statistical Area
45340,45340,"Taos, NM",Micropolitan Statistical Area
45380,45380,"Taylorville, IL",Micropolitan Statistical Area
45460,45460,"Terre Haute, IN",Metropolitan Statistical Area
45500,45500,"Texarkana, TX-AR",Metropolitan Statistical Area
45520,45520,"The Dalles, OR",Micropolitan Statistical Area
45540,45540,"The Villages, FL",Metropolitan Statistical Area
45580,45580,"Thomaston, GA",Micropolitan Statistical Area
45620,45620,"Thomasville, GA",Micropolitan Statistical Area
45660,45660,"Tiffin, OH",Micropolitan Statistical Area
45700,45700,"Tifton, GA",Micropolitan Statistical Area
45740,45740,"Toccoa, GA",Micropolitan Statistical Area
45780,45780,"Toledo, OH",Metropolitan Statistical Area
45820,45820,"Topeka, KS",Metropolitan Statistical Area
45860,45860,"Torrington, CT",Micropolitan Statistical Area
45900,45900,"Traverse City, MI",Micropolitan Statistical Area
45940,45940,"Trenton-Princeton, NJ",Metropolitan Statistical Area
45980,45980,"Troy, AL",Micropolitan Statistical Area
46020,46020,"Truckee-Grass Valley, CA",Micropolitan Statistical Area
46060,46060,"Tucson, AZ",Metropolitan Statistical Area
46100,46100,"Tullahoma-Manchester, TN",Micropolitan Statistical Area
46140,46140,"Tulsa, OK",Metropolitan Statistical Area
46180,46180,"Tupelo, MS",Micropolitan Statistical Area
46220,46220,"Tuscaloosa, AL",Metropolitan Statistical Area
46300,46300,"Twin Falls, ID",Metropolitan Statistical Area
46340,46340,"Tyler, TX",Metropolitan Statistical Area
46380,46380,"Ukiah, CA",Micropolitan Statistical Area
46420,46420,"Union, SC",Micropolitan Statistical Area
46460,46460,"Union City, TN",Micropolitan Statistical Area
46500,46500,"Urbana, OH",Micropolitan Statistical Area
46520,46520,"Urban Honolulu, HI",Metropolitan Statistical Area
46540,46540,"Utica-Rome, NY",Metropolitan Statistical Area
46620,46620,"Uvalde, TX",Micropolitan Statistical Area
46660,46660,"Valdosta, GA",Metropolitan Statistical Area
46700,46700,"Vallejo, CA",Metropolitan Statistical Area
46780,46780,"Van Wert, OH",Micropolitan Statistical Area
46820,46820,"Vermillion, SD",Micropolitan Statistical Area
46860,46860,"Vernal, UT",Micropolitan Statistical Area
46900,46900,"Vernon, TX",Micropolitan Statistical Area
46980,46980,"Vicksburg, MS",Micropolitan Statistical Area
47020,47020,"Victoria, TX",Metropolitan Statistical Area
47080,47080,"Vidalia, GA",Micropolitan Statistical Area
47180,47180,"Vincennes, IN",Micropolitan Statistical Area
47220,47220,"Vineland-Bridgeton, NJ",Metropolitan Statistical Area
47240,47240,"Vineyard Haven, MA",Micropolitan Statistical Area
47260,47260,"Virginia Beach-Norfolk-Newport News, VA-NC",Metropolitan Statistical Area
47300,47300,"Visalia, CA",Metropolitan Statistical Area
47340,47340,"Wabash, IN",Micropolitan Statistical Area
47380,47380,"Waco, TX",Metropolitan Statistical Area
47420,47420,"Wahpeton, ND-MN",Micropolitan Statistical Area
47460,47460,"Walla Walla, WA",Metropolitan Statistical Area
47540,47540,"Wapakoneta, OH",Micropolitan Statistical Area
47580,47580,"Warner Robins, GA",Metropolitan Statistical Area
47620,47620,"Warren, PA",Micropolitan Statistical Area
47660,47660,"Warrensburg, MO",Micropolitan Statistical Area
47700,47700,"Warsaw, IN",Micropolitan Statistical Area
47780,47780,"Washington, IN",Micropolitan Statistical Area
47820,47820,"Washington, NC",Micropolitan Statistical Area
47900,47900,"Washington-Arlington-Alexandria, DC-VA-MD-WV",Metropolitan Statistical Area
47920,47920,"Washington Court House, OH",Micropolitan Statistical Area
47940,47940,"Waterloo-Cedar Falls, IA",Metropolitan Statistical Area
47980,47980,"Watertown, SD",Micropolitan Statistical Area
48020,48020,"Watertown-Fort Atkinson, WI",Micropolitan Statistical Area
48060,48060,"Watertown-Fort Drum, NY",Metropolitan Statistical Area
48100,48100,"Wauchula, FL",Micropolitan Statistical Area
48140,48140,"Wausau-Weston, WI",Metropolitan Statistical Area
48180,48180,"Waycross, GA",Micropolitan Statistical Area
48220,48220,"Weatherford, OK",Micropolitan Statistical Area
48260,48260,"Weirton-Steubenville, WV-OH",Metropolitan Statistical Area
48300,48300,"Wenatchee, WA",Metropolitan Statistical Area
48460,48460,"West Plains, MO",Micropolitan Statistical Area
48500,48500,"West Point, MS",Micropolitan Statistical Area
48540,48540,"Wheeling, WV-OH",Metropolitan Statistical Area
48580,48580,"Whitewater, WI",Micropolitan Statistical Area
48620,48620,"Wichita, KS",Metropolitan Statistical Area
48660,48660,"Wichita Falls, TX",Metropolitan Statistical Area
48700,48700,"Williamsport, PA",Metropolitan Statistical Area
48780,48780,"Williston, ND",Micropolitan Statistical Area
48820,48820,"Willmar, MN",Micropolitan Statistical Area
48900,48900,"Wilmington, NC",Metropolitan Statistical Area
48940,48940,"Wilmington, OH",Micropolitan Statistical Area
48980,48980,"Wilson, NC",Micropolitan Statistical Area
49020,49020,"Winchester, VA-WV",Metropolitan Statistical Area
49060,49060,"Winfield, KS",Micropolitan Statistical Area
49080,49080,"Winnemucca, NV",Micropolitan Statistical Area
49100,49100,"Winona, MN",Micropolitan Statistical Area
49180,49180,"Winston-Salem, NC",Metropolitan Statistical Area
49220,49220,"Wisconsin Rapids-Marshfield, WI",Micropolitan Statistical Area
49260,49260,"Woodward, OK",Micropolitan Statistical Area
49300,49300,"Wooster, OH",Micropolitan Statistical Area
49340,49340,"Worcester, MA-CT",Metropolitan Statistical Area
49380,49380,"Worthington, MN",Micropolitan Statistical Area
49420,49420,"Yakima, WA",Metropolitan Statistical Area
49460,49460,"Yankton, SD",Micropolitan Statistical Area
49500,49500,"Yauco, PR",Metropolitan Statistical Area
49620,49620,"York-Hanover, PA",Metropolitan Statistical Area
49660,49660,"Youngstown-Warren-Boardman, OH-PA",Metropolitan Statistical Area
49700,49700,"Yuba City, CA",Metropolitan Statistical Area
49740,49740,"Yuma, AZ",Metropolitan Statistical Area
49780,49780,"Zanesville, OH",Micropolitan Statistical Area
49820,49820,"Zapata, TX",Micropolitan Statistical Area
